nombre,correoElectronico,rol
Blake Fischer,nonummy.fusce@protonmail.ca,DEV
Ciara Carson,quis.diam.pellentesque@aol.ca,QA
Jada Whitehead,per.inceptos.hymenaeos@outlook.couk,DEVOPS
Palmer Lawson,felis.eget@google.com,DEV
Nevada Shepard,amet.dapibus@yahoo.couk,QA
Phelan Luna,aliquam@hotmail.net,DEVOPS
Kane Cole,non.egestas@outlook.ca,DEV
Naida Vega,dis.parturient.montes@yahoo.org,QA
Edan Wolfe,sed.hendrerit.a@aol.couk,DEVOPS
Oren Barry,ac.mattis@aol.couk,DEV
Paki Wilson,at.velit@protonmail.couk,QA
Roary Rice,mi.pede@icloud.org,DEVOPS
Zenia Hunt,eu.metus@aol.edu,DEV
Ezra Madden,integer.urna@outlook.com,QA
Ali Mullen,sodales.elit@yahoo.com,DEVOPS
Briar Walker,arcu.imperdiet@google.com,DEV
Chloe Murphy,vehicula.pellentesque@protonmail.couk,QA
Stone Griffin,nibh.sit@outlook.org,DEVOPS
Roanna Hardin,ipsum.dolor@hotmail.com,DEV
Reuben Johnson,morbi.accumsan@aol.edu,QA
Beatrice Ortiz,nec.tellus@protonmail.net,DEVOPS
Juliet Campos,inceptos@protonmail.net,DEV
Rana Acevedo,purus.ac.tellus@protonmail.net,QA
Amelia Rivas,adipiscing.lacus.ut@aol.couk,DEVOPS
Macon Lane,convallis.dolor.quisque@yahoo.edu,DEV
Eleanor Berg,parturient.montes@aol.edu,QA
Phelan Boyer,non.sollicitudin.a@protonmail.edu,DEVOPS
Mercedes Jordan,elit.etiam@icloud.net,DEV
Phillip Hester,quis.lectus@protonmail.ca,QA
Charlotte Holcomb,cras.dolor@yahoo.com,DEVOPS
Jocelyn Tucker,diam@icloud.org,DEV
Clayton Harding,natoque.penatibus@yahoo.edu,QA
Jeremy Miranda,luctus.et@icloud.edu,DEVOPS
Lev Hancock,sed.eu@yahoo.org,DEV
Armand Crane,mauris.molestie@yahoo.ca,QA
Gregory Duke,posuere@google.edu,DEVOPS
Vivian Spears,lobortis.quis@aol.com,DEV
Giselle Parks,per@icloud.com,QA
Ross Miller,sit@aol.org,DEVOPS
Seth Stokes,aliquam@yahoo.com,DEV
Barbara Aguilar,lorem.vitae.odio@outlook.edu,QA
Zachery Lee,sed.pede@protonmail.ca,DEVOPS
Bell Hopkins,interdum.sed@protonmail.ca,DEV
Chase Frazier,quis.accumsan@yahoo.net,QA
Myra Camacho,in.nec.orci@hotmail.com,DEVOPS
Dominique Vaughan,non.massa@aol.com,DEV
Joel Mcconnell,tempus.lorem.fringilla@google.net,QA
Branden Lott,nascetur.ridiculus@hotmail.org,DEVOPS
Pandora Hughes,nec.urna.suscipit@yahoo.org,DEV
Amela Lloyd,ultrices@hotmail.org,QA
