titulo,descripcion,fechaLanzamiento
of,"Aenean egestas hendrerit neque. In ornare sagittis felis. Donec tempor,",05/22/2024
(Spoorloos),pede. Cras vulputate velit eu sem. Pellentesque ut ipsum ac,11/13/2023
Paces,"sed, facilisis vitae, orci. Phasellus dapibus quam quis diam. Pellentesque",03/12/2023
Goulette,tincidunt pede ac urna. Ut tincidunt vehicula risus. Nulla eget,08/16/2022
Christmastime,"libero mauris, aliquam eu, accumsan sed, facilisis vitae, orci. Phasellus",12/13/2023
"Tech,","Sed nunc est, mollis non, cursus non, egestas a, dui.",05/25/2024
The,suscipit nonummy. Fusce fermentum fermentum arcu. Vestibulum ante ipsum primis,04/09/2024
Spirit,Vivamus non lorem vitae odio sagittis semper. Nam tempor diam,10/05/2022
(a.k.a.,"eget laoreet posuere, enim nisl elementum purus, accumsan interdum libero",06/06/2024
Live,"mauris elit, dictum eu, eleifend nec, malesuada ut, sem. Nulla",12/26/2023
Winter,"sed, sapien. Nunc pulvinar arcu et pede. Nunc sed orci",02/10/2024
Outer,"rhoncus. Proin nisl sem, consequat nec, mollis vitae, posuere at,",02/03/2023
Private,"hendrerit. Donec porttitor tellus non magna. Nam ligula elit, pretium",01/19/2023
ho),"est ac facilisis facilisis, magna tellus faucibus leo, in lobortis",10/01/2023
Through,"eu erat semper rutrum. Fusce dolor quam, elementum at, egestas",07/01/2023
Rising,posuere cubilia Curae Donec tincidunt. Donec vitae erat vel pede,02/12/2023
Lightboard,molestie. Sed id risus quis diam luctus lobortis. Class aptent,09/09/2023
(Battement,"pede et risus. Quisque libero lacus, varius et, euismod et,",11/28/2023
Le),neque. Sed eget lacus. Mauris non dui nec urna suscipit,09/03/2022
A,tellus id nunc interdum feugiat. Sed nec metus facilisis lorem,11/10/2023
Paces,"dictum mi, ac mattis velit justo nec ante. Maecenas mi",02/03/2023
Chuck,"Duis cursus, diam at pretium aliquet, metus urna convallis erat,",12/09/2023
Pigeon,"sed dui. Fusce aliquam, enim nec tempus scelerisque, lorem ipsum",05/28/2024
Rising,a tortor. Nunc commodo auctor velit. Aliquam nisl. Nulla eu,06/04/2023
of,pede. Praesent eu dui. Cum sociis natoque penatibus et magnis,11/12/2022
